response_length_code,technical_level_code,error_impact_code,fmt_Me da igual,fmt_Principalmente visual,fmt_Texto breve + imagen,fmt_Texto detallado + imagen,pref_ejemplos,pref_contraejemplos,pref_atributos,pref_reglas,pref_visual,pref_sin_preferencia
0.5,0.5,0.5,0.0,0.0,1.0,0.0,0.0,0.0,0.0,1.0,1.0,0.0
0.5,0.5,0.5,0.0,0.0,1.0,0.0,0.0,0.0,0.0,1.0,1.0,0.0
0.5,0.5,0.5,0.0,0.0,1.0,0.0,0.0,0.0,0.0,1.0,1.0,0.0
0.5,0.5,0.5,0.0,0.0,1.0,0.0,0.0,0.0,0.0,1.0,1.0,0.0
0.5,0.5,0.5,0.0,0.0,1.0,0.0,0.0,0.0,0.0,1.0,1.0,0.0
0.5,0.5,0.5,0.0,0.0,1.0,0.0,0.0,0.0,0.0,1.0,1.0,0.0
0.5,0.5,0.5,0.0,0.0,1.0,0.0,0.0,0.0,0.0,1.0,1.0,0.0
0.5,0.5,0.5,0.0,0.0,1.0,0.0,0.0,0.0,0.0,1.0,1.0,0.0
0.5,0.5,0.5,0.0,0.0,1.0,0.0,0.0,0.0,0.0,1.0,1.0,0.0
0.5,0.5,0.5,0.0,0.0,1.0,0.0,0.0,0.0,0.0,1.0,1.0,0.0
0.5,0.5,0.5,0.0,0.0,1.0,0.0,0.0,0.0,0.0,1.0,1.0,0.0
0.5,0.0,0.5,0.0,0.0,0.0,1.0,1.0,1.0,1.0,1.0,1.0,1.0
0.5,0.0,0.5,0.0,0.0,0.0,1.0,1.0,1.0,1.0,1.0,1.0,1.0
0.5,0.0,0.5,0.0,0.0,0.0,1.0,1.0,1.0,1.0,1.0,1.0,1.0
0.5,0.0,0.5,0.0,0.0,0.0,1.0,1.0,1.0,1.0,1.0,1.0,1.0
0.5,0.0,0.5,0.0,0.0,0.0,1.0,1.0,1.0,1.0,1.0,1.0,1.0
0.5,0.0,0.5,0.0,0.0,0.0,1.0,1.0,1.0,1.0,1.0,1.0,1.0
0.5,0.0,0.5,0.0,0.0,0.0,1.0,1.0,1.0,1.0,1.0,1.0,1.0
0.5,0.0,0.5,0.0,0.0,0.0,1.0,1.0,1.0,1.0,1.0,1.0,1.0
0.5,0.0,0.5,0.0,0.0,0.0,1.0,1.0,1.0,1.0,1.0,1.0,1.0
0.5,0.0,0.5,0.0,0.0,0.0,1.0,1.0,1.0,1.0,1.0,1.0,1.0
0.5,0.0,0.5,0.0,0.0,0.0,1.0,1.0,1.0,1.0,1.0,1.0,1.0
0.0,1.0,1.0,0.0,0.0,1.0,0.0,1.0,1.0,0.0,0.0,1.0,0.0
0.0,1.0,1.0,0.0,0.0,1.0,0.0,1.0,1.0,0.0,0.0,1.0,0.0
0.0,1.0,1.0,0.0,0.0,1.0,0.0,1.0,1.0,0.0,0.0,1.0,0.0
0.0,1.0,1.0,0.0,0.0,1.0,0.0,1.0,1.0,0.0,0.0,1.0,0.0
0.0,1.0,1.0,0.0,0.0,1.0,0.0,1.0,1.0,0.0,0.0,1.0,0.0
0.0,1.0,1.0,0.0,0.0,1.0,0.0,1.0,1.0,0.0,0.0,1.0,0.0
0.0,1.0,1.0,0.0,0.0,1.0,0.0,1.0,1.0,0.0,0.0,1.0,0.0
0.0,1.0,1.0,0.0,0.0,1.0,0.0,1.0,1.0,0.0,0.0,1.0,0.0
0.0,1.0,1.0,0.0,0.0,1.0,0.0,1.0,1.0,0.0,0.0,1.0,0.0
0.0,1.0,1.0,0.0,0.0,1.0,0.0,1.0,1.0,0.0,0.0,1.0,0.0
0.0,1.0,1.0,0.0,0.0,1.0,0.0,1.0,1.0,0.0,0.0,1.0,0.0
1.0,0.5,0.5,0.0,1.0,0.0,0.0,0.0,0.0,1.0,1.0,1.0,0.0
1.0,0.5,0.5,0.0,1.0,0.0,0.0,0.0,0.0,1.0,1.0,1.0,0.0
1.0,0.5,0.5,0.0,1.0,0.0,0.0,0.0,0.0,1.0,1.0,1.0,0.0
1.0,0.5,0.5,0.0,1.0,0.0,0.0,0.0,0.0,1.0,1.0,1.0,0.0
1.0,0.5,0.5,0.0,1.0,0.0,0.0,0.0,0.0,1.0,1.0,1.0,0.0
1.0,0.5,0.5,0.0,1.0,0.0,0.0,0.0,0.0,1.0,1.0,1.0,0.0
1.0,0.5,0.5,0.0,1.0,0.0,0.0,0.0,0.0,1.0,1.0,1.0,0.0
1.0,0.5,0.5,0.0,1.0,0.0,0.0,0.0,0.0,1.0,1.0,1.0,0.0
1.0,0.5,0.5,0.0,1.0,0.0,0.0,0.0,0.0,1.0,1.0,1.0,0.0
1.0,0.5,0.5,0.0,1.0,0.0,0.0,0.0,0.0,1.0,1.0,1.0,0.0
1.0,0.5,0.5,0.0,1.0,0.0,0.0,0.0,0.0,1.0,1.0,1.0,0.0
0.5,0.5,0.5,0.0,0.0,1.0,0.0,1.0,1.0,0.0,0.0,1.0,0.0
0.5,0.5,0.5,0.0,0.0,1.0,0.0,1.0,1.0,0.0,0.0,1.0,0.0
0.5,0.5,0.5,0.0,0.0,1.0,0.0,1.0,1.0,0.0,0.0,1.0,0.0
0.5,0.5,0.5,0.0,0.0,1.0,0.0,1.0,1.0,0.0,0.0,1.0,0.0
0.5,0.5,0.5,0.0,0.0,1.0,0.0,1.0,1.0,0.0,0.0,1.0,0.0
0.5,0.5,0.5,0.0,0.0,1.0,0.0,1.0,1.0,0.0,0.0,1.0,0.0
0.5,0.5,0.5,0.0,0.0,1.0,0.0,1.0,1.0,0.0,0.0,1.0,0.0
0.5,0.5,0.5,0.0,0.0,1.0,0.0,1.0,1.0,0.0,0.0,1.0,0.0
0.5,0.5,0.5,0.0,0.0,1.0,0.0,1.0,1.0,0.0,0.0,1.0,0.0
0.5,0.5,0.5,0.0,0.0,1.0,0.0,1.0,1.0,0.0,0.0,1.0,0.0
0.5,0.5,0.5,0.0,0.0,1.0,0.0,1.0,1.0,0.0,0.0,1.0,0.0
0.0,0.5,0.5,0.0,0.0,1.0,0.0,0.0,0.0,1.0,1.0,0.0,0.0
0.0,0.5,0.5,0.0,0.0,1.0,0.0,0.0,0.0,1.0,1.0,0.0,0.0
0.0,0.5,0.5,0.0,0.0,1.0,0.0,0.0,0.0,1.0,1.0,0.0,0.0
0.0,0.5,0.5,0.0,0.0,1.0,0.0,0.0,0.0,1.0,1.0,0.0,0.0
0.0,0.5,0.5,0.0,0.0,1.0,0.0,0.0,0.0,1.0,1.0,0.0,0.0
0.0,0.5,0.5,0.0,0.0,1.0,0.0,0.0,0.0,1.0,1.0,0.0,0.0
0.0,0.5,0.5,0.0,0.0,1.0,0.0,0.0,0.0,1.0,1.0,0.0,0.0
0.0,0.5,0.5,0.0,0.0,1.0,0.0,0.0,0.0,1.0,1.0,0.0,0.0
0.0,0.5,0.5,0.0,0.0,1.0,0.0,0.0,0.0,1.0,1.0,0.0,0.0
0.0,0.5,0.5,0.0,0.0,1.0,0.0,0.0,0.0,1.0,1.0,0.0,0.0
0.0,0.5,0.5,0.0,0.0,1.0,0.0,0.0,0.0,1.0,1.0,0.0,0.0
0.0,0.0,0.0,0.0,0.0,1.0,0.0,0.0,0.0,1.0,1.0,0.0,0.0
0.0,0.0,0.0,0.0,0.0,1.0,0.0,0.0,0.0,1.0,1.0,0.0,0.0
0.0,0.0,0.0,0.0,0.0,1.0,0.0,0.0,0.0,1.0,1.0,0.0,0.0
0.0,0.0,0.0,0.0,0.0,1.0,0.0,0.0,0.0,1.0,1.0,0.0,0.0
0.0,0.0,0.0,0.0,0.0,1.0,0.0,0.0,0.0,1.0,1.0,0.0,0.0
0.0,0.0,0.0,0.0,0.0,1.0,0.0,0.0,0.0,1.0,1.0,0.0,0.0
0.0,0.0,0.0,0.0,0.0,1.0,0.0,0.0,0.0,1.0,1.0,0.0,0.0
0.0,0.0,0.0,0.0,0.0,1.0,0.0,0.0,0.0,1.0,1.0,0.0,0.0
0.0,0.0,0.0,0.0,0.0,1.0,0.0,0.0,0.0,1.0,1.0,0.0,0.0
0.0,0.0,0.0,0.0,0.0,1.0,0.0,0.0,0.0,1.0,1.0,0.0,0.0
0.0,0.0,0.0,0.0,0.0,1.0,0.0,0.0,0.0,1.0,1.0,0.0,0.0
0.5,0.5,0.5,0.0,0.0,1.0,0.0,1.0,1.0,0.0,0.0,0.0,0.0
0.5,0.5,0.5,0.0,0.0,1.0,0.0,1.0,1.0,0.0,0.0,0.0,0.0
0.5,0.5,0.5,0.0,0.0,1.0,0.0,1.0,1.0,0.0,0.0,0.0,0.0
0.5,0.5,0.5,0.0,0.0,1.0,0.0,1.0,1.0,0.0,0.0,0.0,0.0
0.5,0.5,0.5,0.0,0.0,1.0,0.0,1.0,1.0,0.0,0.0,0.0,0.0
0.5,0.5,0.5,0.0,0.0,1.0,0.0,1.0,1.0,0.0,0.0,0.0,0.0
0.5,0.5,0.5,0.0,0.0,1.0,0.0,1.0,1.0,0.0,0.0,0.0,0.0
0.5,0.5,0.5,0.0,0.0,1.0,0.0,1.0,1.0,0.0,0.0,0.0,0.0
0.5,0.5,0.5,0.0,0.0,1.0,0.0,1.0,1.0,0.0,0.0,0.0,0.0
0.5,0.5,0.5,0.0,0.0,1.0,0.0,1.0,1.0,0.0,0.0,0.0,0.0
0.5,0.5,0.5,0.0,0.0,1.0,0.0,1.0,1.0,0.0,0.0,0.0,0.0
0.5,0.0,0.5,0.0,0.0,1.0,0.0,1.0,0.0,0.0,1.0,1.0,0.0
0.5,0.0,0.5,0.0,0.0,1.0,0.0,1.0,0.0,0.0,1.0,1.0,0.0
0.5,0.0,0.5,0.0,0.0,1.0,0.0,1.0,0.0,0.0,1.0,1.0,0.0
0.5,0.0,0.5,0.0,0.0,1.0,0.0,1.0,0.0,0.0,1.0,1.0,0.0
0.5,0.0,0.5,0.0,0.0,1.0,0.0,1.0,0.0,0.0,1.0,1.0,0.0
0.5,0.0,0.5,0.0,0.0,1.0,0.0,1.0,0.0,0.0,1.0,1.0,0.0
0.5,0.0,0.5,0.0,0.0,1.0,0.0,1.0,0.0,0.0,1.0,1.0,0.0
0.5,0.0,0.5,0.0,0.0,1.0,0.0,1.0,0.0,0.0,1.0,1.0,0.0
0.5,0.0,0.5,0.0,0.0,1.0,0.0,1.0,0.0,0.0,1.0,1.0,0.0
0.5,0.0,0.5,0.0,0.0,1.0,0.0,1.0,0.0,0.0,1.0,1.0,0.0
0.5,0.0,0.5,0.0,0.0,1.0,0.0,1.0,0.0,0.0,1.0,1.0,0.0
0.0,0.0,0.5,1.0,0.0,0.0,0.0,0.0,0.0,0.0,0.0,0.0,1.0
0.0,0.0,0.5,1.0,0.0,0.0,0.0,0.0,0.0,0.0,0.0,0.0,1.0
0.0,0.0,0.5,1.0,0.0,0.0,0.0,0.0,0.0,0.0,0.0,0.0,1.0
0.0,0.0,0.5,1.0,0.0,0.0,0.0,0.0,0.0,0.0,0.0,0.0,1.0
0.0,0.0,0.5,1.0,0.0,0.0,0.0,0.0,0.0,0.0,0.0,0.0,1.0
0.0,0.0,0.5,1.0,0.0,0.0,0.0,0.0,0.0,0.0,0.0,0.0,1.0
0.0,0.0,0.5,1.0,0.0,0.0,0.0,0.0,0.0,0.0,0.0,0.0,1.0
0.0,0.0,0.5,1.0,0.0,0.0,0.0,0.0,0.0,0.0,0.0,0.0,1.0
0.0,0.0,0.5,1.0,0.0,0.0,0.0,0.0,0.0,0.0,0.0,0.0,1.0
0.0,0.0,0.5,1.0,0.0,0.0,0.0,0.0,0.0,0.0,0.0,0.0,1.0
0.0,0.0,0.5,1.0,0.0,0.0,0.0,0.0,0.0,0.0,0.0,0.0,1.0
0.5,0.5,0.5,0.0,0.0,0.0,1.0,1.0,1.0,0.0,1.0,1.0,0.0
0.5,0.5,0.5,0.0,0.0,0.0,1.0,1.0,1.0,0.0,1.0,1.0,0.0
0.5,0.5,0.5,0.0,0.0,0.0,1.0,1.0,1.0,0.0,1.0,1.0,0.0
0.5,0.5,0.5,0.0,0.0,0.0,1.0,1.0,1.0,0.0,1.0,1.0,0.0
0.5,0.5,0.5,0.0,0.0,0.0,1.0,1.0,1.0,0.0,1.0,1.0,0.0
0.5,0.5,0.5,0.0,0.0,0.0,1.0,1.0,1.0,0.0,1.0,1.0,0.0
0.5,0.5,0.5,0.0,0.0,0.0,1.0,1.0,1.0,0.0,1.0,1.0,0.0
0.5,0.5,0.5,0.0,0.0,0.0,1.0,1.0,1.0,0.0,1.0,1.0,0.0
0.5,0.5,0.5,0.0,0.0,0.0,1.0,1.0,1.0,0.0,1.0,1.0,0.0
0.5,0.5,0.5,0.0,0.0,0.0,1.0,1.0,1.0,0.0,1.0,1.0,0.0
0.5,0.5,0.5,0.0,0.0,0.0,1.0,1.0,1.0,0.0,1.0,1.0,0.0
0.0,0.5,1.0,0.0,0.0,1.0,0.0,0.0,1.0,1.0,0.0,1.0,0.0
0.0,0.5,1.0,0.0,0.0,1.0,0.0,0.0,1.0,1.0,0.0,1.0,0.0
0.0,0.5,1.0,0.0,0.0,1.0,0.0,0.0,1.0,1.0,0.0,1.0,0.0
0.0,0.5,1.0,0.0,0.0,1.0,0.0,0.0,1.0,1.0,0.0,1.0,0.0
0.0,0.5,1.0,0.0,0.0,1.0,0.0,0.0,1.0,1.0,0.0,1.0,0.0
0.0,0.5,1.0,0.0,0.0,1.0,0.0,0.0,1.0,1.0,0.0,1.0,0.0
0.0,0.5,1.0,0.0,0.0,1.0,0.0,0.0,1.0,1.0,0.0,1.0,0.0
0.0,0.5,1.0,0.0,0.0,1.0,0.0,0.0,1.0,1.0,0.0,1.0,0.0
0.0,0.5,1.0,0.0,0.0,1.0,0.0,0.0,1.0,1.0,0.0,1.0,0.0
0.0,0.5,1.0,0.0,0.0,1.0,0.0,0.0,1.0,1.0,0.0,1.0,0.0
0.0,0.5,1.0,0.0,0.0,1.0,0.0,0.0,1.0,1.0,0.0,1.0,0.0
0.0,0.0,0.5,1.0,0.0,0.0,0.0,0.0,0.0,0.0,0.0,0.0,1.0
0.0,0.0,0.5,1.0,0.0,0.0,0.0,0.0,0.0,0.0,0.0,0.0,1.0
0.0,0.0,0.5,1.0,0.0,0.0,0.0,0.0,0.0,0.0,0.0,0.0,1.0
0.0,0.0,0.5,1.0,0.0,0.0,0.0,0.0,0.0,0.0,0.0,0.0,1.0
0.0,0.0,0.5,1.0,0.0,0.0,0.0,0.0,0.0,0.0,0.0,0.0,1.0
0.0,0.0,0.5,1.0,0.0,0.0,0.0,0.0,0.0,0.0,0.0,0.0,1.0
0.0,0.0,0.5,1.0,0.0,0.0,0.0,0.0,0.0,0.0,0.0,0.0,1.0
0.0,0.0,0.5,1.0,0.0,0.0,0.0,0.0,0.0,0.0,0.0,0.0,1.0
0.0,0.0,0.5,1.0,0.0,0.0,0.0,0.0,0.0,0.0,0.0,0.0,1.0
0.0,0.0,0.5,1.0,0.0,0.0,0.0,0.0,0.0,0.0,0.0,0.0,1.0
0.0,0.0,0.5,1.0,0.0,0.0,0.0,0.0,0.0,0.0,0.0,0.0,1.0
1.0,0.5,0.5,0.0,0.0,0.0,1.0,0.0,1.0,1.0,1.0,0.0,0.0
1.0,0.5,0.5,0.0,0.0,0.0,1.0,0.0,1.0,1.0,1.0,0.0,0.0
1.0,0.5,0.5,0.0,0.0,0.0,1.0,0.0,1.0,1.0,1.0,0.0,0.0
1.0,0.5,0.5,0.0,0.0,0.0,1.0,0.0,1.0,1.0,1.0,0.0,0.0
1.0,0.5,0.5,0.0,0.0,0.0,1.0,0.0,1.0,1.0,1.0,0.0,0.0
1.0,0.5,0.5,0.0,0.0,0.0,1.0,0.0,1.0,1.0,1.0,0.0,0.0
1.0,0.5,0.5,0.0,0.0,0.0,1.0,0.0,1.0,1.0,1.0,0.0,0.0
1.0,0.5,0.5,0.0,0.0,0.0,1.0,0.0,1.0,1.0,1.0,0.0,0.0
1.0,0.5,0.5,0.0,0.0,0.0,1.0,0.0,1.0,1.0,1.0,0.0,0.0
1.0,0.5,0.5,0.0,0.0,0.0,1.0,0.0,1.0,1.0,1.0,0.0,0.0
1.0,0.5,0.5,0.0,0.0,0.0,1.0,0.0,1.0,1.0,1.0,0.0,0.0
0.5,0.5,1.0,0.0,0.0,0.0,1.0,0.0,1.0,0.0,0.0,1.0,0.0
0.5,0.5,1.0,0.0,0.0,0.0,1.0,0.0,1.0,0.0,0.0,1.0,0.0
0.5,0.5,1.0,0.0,0.0,0.0,1.0,0.0,1.0,0.0,0.0,1.0,0.0
0.5,0.5,1.0,0.0,0.0,0.0,1.0,0.0,1.0,0.0,0.0,1.0,0.0
0.5,0.5,1.0,0.0,0.0,0.0,1.0,0.0,1.0,0.0,0.0,1.0,0.0
0.5,0.5,1.0,0.0,0.0,0.0,1.0,0.0,1.0,0.0,0.0,1.0,0.0
0.5,0.5,1.0,0.0,0.0,0.0,1.0,0.0,1.0,0.0,0.0,1.0,0.0
0.5,0.5,1.0,0.0,0.0,0.0,1.0,0.0,1.0,0.0,0.0,1.0,0.0
0.5,0.5,1.0,0.0,0.0,0.0,1.0,0.0,1.0,0.0,0.0,1.0,0.0
0.5,0.5,1.0,0.0,0.0,0.0,1.0,0.0,1.0,0.0,0.0,1.0,0.0
0.5,0.5,1.0,0.0,0.0,0.0,1.0,0.0,1.0,0.0,0.0,1.0,0.0
0.5,0.5,0.5,0.0,0.0,1.0,0.0,1.0,0.0,0.0,1.0,1.0,0.0
0.5,0.5,0.5,0.0,0.0,1.0,0.0,1.0,0.0,0.0,1.0,1.0,0.0
0.5,0.5,0.5,0.0,0.0,1.0,0.0,1.0,0.0,0.0,1.0,1.0,0.0
0.5,0.5,0.5,0.0,0.0,1.0,0.0,1.0,0.0,0.0,1.0,1.0,0.0
0.5,0.5,0.5,0.0,0.0,1.0,0.0,1.0,0.0,0.0,1.0,1.0,0.0
0.5,0.5,0.5,0.0,0.0,1.0,0.0,1.0,0.0,0.0,1.0,1.0,0.0
0.5,0.5,0.5,0.0,0.0,1.0,0.0,1.0,0.0,0.0,1.0,1.0,0.0
0.5,0.5,0.5,0.0,0.0,1.0,0.0,1.0,0.0,0.0,1.0,1.0,0.0
0.5,0.5,0.5,0.0,0.0,1.0,0.0,1.0,0.0,0.0,1.0,1.0,0.0
0.5,0.5,0.5,0.0,0.0,1.0,0.0,1.0,0.0,0.0,1.0,1.0,0.0
0.5,0.5,0.5,0.0,0.0,1.0,0.0,1.0,0.0,0.0,1.0,1.0,0.0
0.5,0.5,1.0,0.0,1.0,0.0,0.0,0.0,1.0,0.0,0.0,1.0,0.0
0.5,0.5,1.0,0.0,1.0,0.0,0.0,0.0,1.0,0.0,0.0,1.0,0.0
0.5,0.5,1.0,0.0,1.0,0.0,0.0,0.0,1.0,0.0,0.0,1.0,0.0
0.5,0.5,1.0,0.0,1.0,0.0,0.0,0.0,1.0,0.0,0.0,1.0,0.0
0.5,0.5,1.0,0.0,1.0,0.0,0.0,0.0,1.0,0.0,0.0,1.0,0.0
0.5,0.5,1.0,0.0,1.0,0.0,0.0,0.0,1.0,0.0,0.0,1.0,0.0
0.5,0.5,1.0,0.0,1.0,0.0,0.0,0.0,1.0,0.0,0.0,1.0,0.0
0.5,0.5,1.0,0.0,1.0,0.0,0.0,0.0,1.0,0.0,0.0,1.0,0.0
0.5,0.5,1.0,0.0,1.0,0.0,0.0,0.0,1.0,0.0,0.0,1.0,0.0
0.5,0.5,1.0,0.0,1.0,0.0,0.0,0.0,1.0,0.0,0.0,1.0,0.0
0.5,0.5,1.0,0.0,1.0,0.0,0.0,0.0,1.0,0.0,0.0,1.0,0.0
0.5,0.5,0.5,0.0,0.0,1.0,0.0,0.0,1.0,0.0,0.0,0.0,0.0
0.5,0.5,0.5,0.0,0.0,1.0,0.0,0.0,1.0,0.0,0.0,0.0,0.0
0.5,0.5,0.5,0.0,0.0,1.0,0.0,0.0,1.0,0.0,0.0,0.0,0.0
0.5,0.5,0.5,0.0,0.0,1.0,0.0,0.0,1.0,0.0,0.0,0.0,0.0
0.5,0.5,0.5,0.0,0.0,1.0,0.0,0.0,1.0,0.0,0.0,0.0,0.0
0.5,0.5,0.5,0.0,0.0,1.0,0.0,0.0,1.0,0.0,0.0,0.0,0.0
0.5,0.5,0.5,0.0,0.0,1.0,0.0,0.0,1.0,0.0,0.0,0.0,0.0
0.5,0.5,0.5,0.0,0.0,1.0,0.0,0.0,1.0,0.0,0.0,0.0,0.0
0.5,0.5,0.5,0.0,0.0,1.0,0.0,0.0,1.0,0.0,0.0,0.0,0.0
0.5,0.5,0.5,0.0,0.0,1.0,0.0,0.0,1.0,0.0,0.0,0.0,0.0
0.5,0.5,0.5,0.0,0.0,1.0,0.0,0.0,1.0,0.0,0.0,0.0,0.0
0.5,0.5,1.0,0.0,0.0,0.0,1.0,1.0,1.0,1.0,0.0,0.0,0.0
0.5,0.5,1.0,0.0,0.0,0.0,1.0,1.0,1.0,1.0,0.0,0.0,0.0
0.5,0.5,1.0,0.0,0.0,0.0,1.0,1.0,1.0,1.0,0.0,0.0,0.0
0.5,0.5,1.0,0.0,0.0,0.0,1.0,1.0,1.0,1.0,0.0,0.0,0.0
0.5,0.5,1.0,0.0,0.0,0.0,1.0,1.0,1.0,1.0,0.0,0.0,0.0
0.5,0.5,1.0,0.0,0.0,0.0,1.0,1.0,1.0,1.0,0.0,0.0,0.0
0.5,0.5,1.0,0.0,0.0,0.0,1.0,1.0,1.0,1.0,0.0,0.0,0.0
0.5,0.5,1.0,0.0,0.0,0.0,1.0,1.0,1.0,1.0,0.0,0.0,0.0
0.5,0.5,1.0,0.0,0.0,0.0,1.0,1.0,1.0,1.0,0.0,0.0,0.0
0.5,0.5,1.0,0.0,0.0,0.0,1.0,1.0,1.0,1.0,0.0,0.0,0.0
0.5,0.5,1.0,0.0,0.0,0.0,1.0,1.0,1.0,1.0,0.0,0.0,0.0
0.5,0.5,1.0,0.0,0.0,0.0,1.0,0.0,0.0,1.0,1.0,1.0,0.0
0.5,0.5,1.0,0.0,0.0,0.0,1.0,0.0,0.0,1.0,1.0,1.0,0.0
0.5,0.5,1.0,0.0,0.0,0.0,1.0,0.0,0.0,1.0,1.0,1.0,0.0
0.5,0.5,1.0,0.0,0.0,0.0,1.0,0.0,0.0,1.0,1.0,1.0,0.0
0.5,0.5,1.0,0.0,0.0,0.0,1.0,0.0,0.0,1.0,1.0,1.0,0.0
0.5,0.5,1.0,0.0,0.0,0.0,1.0,0.0,0.0,1.0,1.0,1.0,0.0
0.5,0.5,1.0,0.0,0.0,0.0,1.0,0.0,0.0,1.0,1.0,1.0,0.0
0.5,0.5,1.0,0.0,0.0,0.0,1.0,0.0,0.0,1.0,1.0,1.0,0.0
0.5,0.5,1.0,0.0,0.0,0.0,1.0,0.0,0.0,1.0,1.0,1.0,0.0
0.5,0.5,1.0,0.0,0.0,0.0,1.0,0.0,0.0,1.0,1.0,1.0,0.0
0.5,0.5,1.0,0.0,0.0,0.0,1.0,0.0,0.0,1.0,1.0,1.0,0.0
0.5,0.5,1.0,0.0,0.0,1.0,0.0,0.0,0.0,1.0,0.0,1.0,0.0
0.5,0.5,1.0,0.0,0.0,1.0,0.0,0.0,0.0,1.0,0.0,1.0,0.0
0.5,0.5,1.0,0.0,0.0,1.0,0.0,0.0,0.0,1.0,0.0,1.0,0.0
0.5,0.5,1.0,0.0,0.0,1.0,0.0,0.0,0.0,1.0,0.0,1.0,0.0
0.5,0.5,1.0,0.0,0.0,1.0,0.0,0.0,0.0,1.0,0.0,1.0,0.0
0.5,0.5,1.0,0.0,0.0,1.0,0.0,0.0,0.0,1.0,0.0,1.0,0.0
0.5,0.5,1.0,0.0,0.0,1.0,0.0,0.0,0.0,1.0,0.0,1.0,0.0
0.5,0.5,1.0,0.0,0.0,1.0,0.0,0.0,0.0,1.0,0.0,1.0,0.0
0.5,0.5,1.0,0.0,0.0,1.0,0.0,0.0,0.0,1.0,0.0,1.0,0.0
0.5,0.5,1.0,0.0,0.0,1.0,0.0,0.0,0.0,1.0,0.0,1.0,0.0
0.5,0.5,1.0,0.0,0.0,1.0,0.0,0.0,0.0,1.0,0.0,1.0,0.0
0.5,0.5,0.5,0.0,0.0,1.0,0.0,0.0,0.0,0.0,0.0,1.0,0.0
0.5,0.5,0.5,0.0,0.0,1.0,0.0,0.0,0.0,0.0,0.0,1.0,0.0
0.5,0.5,0.5,0.0,0.0,1.0,0.0,0.0,0.0,0.0,0.0,1.0,0.0
0.5,0.5,0.5,0.0,0.0,1.0,0.0,0.0,0.0,0.0,0.0,1.0,0.0
0.5,0.5,0.5,0.0,0.0,1.0,0.0,0.0,0.0,0.0,0.0,1.0,0.0
0.5,0.5,0.5,0.0,0.0,1.0,0.0,0.0,0.0,0.0,0.0,1.0,0.0
0.5,0.5,0.5,0.0,0.0,1.0,0.0,0.0,0.0,0.0,0.0,1.0,0.0
0.5,0.5,0.5,0.0,0.0,1.0,0.0,0.0,0.0,0.0,0.0,1.0,0.0
0.5,0.5,0.5,0.0,0.0,1.0,0.0,0.0,0.0,0.0,0.0,1.0,0.0
0.5,0.5,0.5,0.0,0.0,1.0,0.0,0.0,0.0,0.0,0.0,1.0,0.0
0.5,0.5,0.5,0.0,0.0,1.0,0.0,0.0,0.0,0.0,0.0,1.0,0.0
0.0,0.0,0.5,0.0,0.0,1.0,0.0,1.0,1.0,0.0,1.0,1.0,0.0
0.0,0.0,0.5,0.0,0.0,1.0,0.0,1.0,1.0,0.0,1.0,1.0,0.0
0.0,0.0,0.5,0.0,0.0,1.0,0.0,1.0,1.0,0.0,1.0,1.0,0.0
0.0,0.0,0.5,0.0,0.0,1.0,0.0,1.0,1.0,0.0,1.0,1.0,0.0
0.0,0.0,0.5,0.0,0.0,1.0,0.0,1.0,1.0,0.0,1.0,1.0,0.0
0.0,0.0,0.5,0.0,0.0,1.0,0.0,1.0,1.0,0.0,1.0,1.0,0.0
0.0,0.0,0.5,0.0,0.0,1.0,0.0,1.0,1.0,0.0,1.0,1.0,0.0
0.0,0.0,0.5,0.0,0.0,1.0,0.0,1.0,1.0,0.0,1.0,1.0,0.0
0.0,0.0,0.5,0.0,0.0,1.0,0.0,1.0,1.0,0.0,1.0,1.0,0.0
0.0,0.0,0.5,0.0,0.0,1.0,0.0,1.0,1.0,0.0,1.0,1.0,0.0
0.0,0.0,0.5,0.0,0.0,1.0,0.0,1.0,1.0,0.0,1.0,1.0,0.0
0.5,0.5,0.5,0.0,0.0,1.0,0.0,1.0,1.0,0.0,0.0,1.0,0.0
0.5,0.5,0.5,0.0,0.0,1.0,0.0,1.0,1.0,0.0,0.0,1.0,0.0
0.5,0.5,0.5,0.0,0.0,1.0,0.0,1.0,1.0,0.0,0.0,1.0,0.0
0.5,0.5,0.5,0.0,0.0,1.0,0.0,1.0,1.0,0.0,0.0,1.0,0.0
0.5,0.5,0.5,0.0,0.0,1.0,0.0,1.0,1.0,0.0,0.0,1.0,0.0
0.5,0.5,0.5,0.0,0.0,1.0,0.0,1.0,1.0,0.0,0.0,1.0,0.0
0.5,0.5,0.5,0.0,0.0,1.0,0.0,1.0,1.0,0.0,0.0,1.0,0.0
0.5,0.5,0.5,0.0,0.0,1.0,0.0,1.0,1.0,0.0,0.0,1.0,0.0
0.5,0.5,0.5,0.0,0.0,1.0,0.0,1.0,1.0,0.0,0.0,1.0,0.0
0.5,0.5,0.5,0.0,0.0,1.0,0.0,1.0,1.0,0.0,0.0,1.0,0.0
0.5,0.5,0.5,0.0,0.0,1.0,0.0,1.0,1.0,0.0,0.0,1.0,0.0
0.5,0.5,0.5,0.0,0.0,1.0,0.0,0.0,0.0,1.0,1.0,1.0,0.0
0.5,0.5,0.5,0.0,0.0,1.0,0.0,0.0,0.0,1.0,1.0,1.0,0.0
0.5,0.5,0.5,0.0,0.0,1.0,0.0,0.0,0.0,1.0,1.0,1.0,0.0
0.5,0.5,0.5,0.0,0.0,1.0,0.0,0.0,0.0,1.0,1.0,1.0,0.0
0.5,0.5,0.5,0.0,0.0,1.0,0.0,0.0,0.0,1.0,1.0,1.0,0.0
0.5,0.5,0.5,0.0,0.0,1.0,0.0,0.0,0.0,1.0,1.0,1.0,0.0
0.5,0.5,0.5,0.0,0.0,1.0,0.0,0.0,0.0,1.0,1.0,1.0,0.0
0.5,0.5,0.5,0.0,0.0,1.0,0.0,0.0,0.0,1.0,1.0,1.0,0.0
0.5,0.5,0.5,0.0,0.0,1.0,0.0,0.0,0.0,1.0,1.0,1.0,0.0
0.5,0.5,0.5,0.0,0.0,1.0,0.0,0.0,0.0,1.0,1.0,1.0,0.0
0.5,0.5,0.5,0.0,0.0,1.0,0.0,0.0,0.0,1.0,1.0,1.0,0.0
1.0,0.5,1.0,0.0,1.0,0.0,0.0,1.0,0.0,0.0,1.0,0.0,0.0
1.0,0.5,1.0,0.0,1.0,0.0,0.0,1.0,0.0,0.0,1.0,0.0,0.0
1.0,0.5,1.0,0.0,1.0,0.0,0.0,1.0,0.0,0.0,1.0,0.0,0.0
1.0,0.5,1.0,0.0,1.0,0.0,0.0,1.0,0.0,0.0,1.0,0.0,0.0
1.0,0.5,1.0,0.0,1.0,0.0,0.0,1.0,0.0,0.0,1.0,0.0,0.0
1.0,0.5,1.0,0.0,1.0,0.0,0.0,1.0,0.0,0.0,1.0,0.0,0.0
1.0,0.5,1.0,0.0,1.0,0.0,0.0,1.0,0.0,0.0,1.0,0.0,0.0
1.0,0.5,1.0,0.0,1.0,0.0,0.0,1.0,0.0,0.0,1.0,0.0,0.0
1.0,0.5,1.0,0.0,1.0,0.0,0.0,1.0,0.0,0.0,1.0,0.0,0.0
1.0,0.5,1.0,0.0,1.0,0.0,0.0,1.0,0.0,0.0,1.0,0.0,0.0
1.0,0.5,1.0,0.0,1.0,0.0,0.0,1.0,0.0,0.0,1.0,0.0,0.0
0.5,0.5,1.0,0.0,0.0,1.0,0.0,0.0,0.0,1.0,1.0,1.0,0.0
0.5,0.5,1.0,0.0,0.0,1.0,0.0,0.0,0.0,1.0,1.0,1.0,0.0
0.5,0.5,1.0,0.0,0.0,1.0,0.0,0.0,0.0,1.0,1.0,1.0,0.0
0.5,0.5,1.0,0.0,0.0,1.0,0.0,0.0,0.0,1.0,1.0,1.0,0.0
0.5,0.5,1.0,0.0,0.0,1.0,0.0,0.0,0.0,1.0,1.0,1.0,0.0
0.5,0.5,1.0,0.0,0.0,1.0,0.0,0.0,0.0,1.0,1.0,1.0,0.0
0.5,0.5,1.0,0.0,0.0,1.0,0.0,0.0,0.0,1.0,1.0,1.0,0.0
0.5,0.5,1.0,0.0,0.0,1.0,0.0,0.0,0.0,1.0,1.0,1.0,0.0
0.5,0.5,1.0,0.0,0.0,1.0,0.0,0.0,0.0,1.0,1.0,1.0,0.0
0.5,0.5,1.0,0.0,0.0,1.0,0.0,0.0,0.0,1.0,1.0,1.0,0.0
0.5,0.5,1.0,0.0,0.0,1.0,0.0,0.0,0.0,1.0,1.0,1.0,0.0
